"","time_stamp","time_engagement","time_content_viewed","user_id","entity_id","condition","experiment_id","engagement_type","response","accuracy_score","entity_category","entity_set","entity_url","ip_address","item_order","likes","read_later","shares","user_agent"
"1",1658179352958,1658179350897,1658179292356,"bob","o9n_hWYnH",1,"e3pG6d","shares",1,-1,"news","oct9_news","https://foodcam20.media.mit.edu/static/entities/oct9_news/f_bitchute-nasal-swab.png","38.104.7.174",0,0,0,0,"Mozilla/5.0 (Macintosh; Intel Mac OS X 10_15_7) AppleWebKit/537.36 (KHTML, like Gecko) Chrome/103.0.0.0 Safari/537.36"
"2",1658179489261,-1,1658179292356,"bob","o9n_hWYnH",1,"e3pG6d","dwell",59346,-1,"news","oct9_news","https://foodcam20.media.mit.edu/static/entities/oct9_news/f_bitchute-nasal-swab.png","38.104.7.174",0,0,0,0,"Mozilla/5.0 (Macintosh; Intel Mac OS X 10_15_7) AppleWebKit/537.36 (KHTML, like Gecko) Chrome/103.0.0.0 Safari/537.36"
"3",1658179489261,-1,1658179292356,"bob","o9n_1Y8XL",1,"e3pG6d","dwell",45026,-1,"news","oct9_news","https://foodcam20.media.mit.edu/static/entities/oct9_news/t_democrats%20accused%20of%20prioritizing%20social%20spending.png","38.104.7.174",3,0,0,0,"Mozilla/5.0 (Macintosh; Intel Mac OS X 10_15_7) AppleWebKit/537.36 (KHTML, like Gecko) Chrome/103.0.0.0 Safari/537.36"
"4",1658179489261,-1,1658179292357,"bob","o9n_uupt0",1,"e3pG6d","dwell",37698,-1,"news","oct9_news","https://foodcam20.media.mit.edu/static/entities/oct9_news/f_Giuliani%20offers%20legal%20services%20in%20exchange%20for%20pardon.png","38.104.7.174",4,0,0,0,"Mozilla/5.0 (Macintosh; Intel Mac OS X 10_15_7) AppleWebKit/537.36 (KHTML, like Gecko) Chrome/103.0.0.0 Safari/537.36"
"5",1658179489261,-1,1658179292357,"bob","o9n_abZKl",1,"e3pG6d","dwell",60245,-1,"news","oct9_news","https://foodcam20.media.mit.edu/static/entities/oct9_news/f_how%20a%20philly%20mob%20boss%20stole%20the%20election.jpg","38.104.7.174",1,0,0,0,"Mozilla/5.0 (Macintosh; Intel Mac OS X 10_15_7) AppleWebKit/537.36 (KHTML, like Gecko) Chrome/103.0.0.0 Safari/537.36"
"6",1658179489261,-1,1658179292357,"bob","o9n_gWIAb",1,"e3pG6d","dwell",45021,-1,"news","oct9_news","https://foodcam20.media.mit.edu/static/entities/oct9_news/t_SC%20justices%20skeptical%20of%20Texas%20abortion%20law.png","38.104.7.174",2,0,0,0,"Mozilla/5.0 (Macintosh; Intel Mac OS X 10_15_7) AppleWebKit/537.36 (KHTML, like Gecko) Chrome/103.0.0.0 Safari/537.36"
"7",1658179489261,-1,1658179351719,"bob","o9n_gWIAb",1,"e3pG6d","dwell",2133,-1,"news","oct9_news","https://foodcam20.media.mit.edu/static/entities/oct9_news/t_SC%20justices%20skeptical%20of%20Texas%20abortion%20law.png","38.104.7.174",2,0,0,0,"Mozilla/5.0 (Macintosh; Intel Mac OS X 10_15_7) AppleWebKit/537.36 (KHTML, like Gecko) Chrome/103.0.0.0 Safari/537.36"
"8",1658179489261,-1,1658179352636,"bob","o9n_1Y8XL",1,"e3pG6d","dwell",1166,-1,"news","oct9_news","https://foodcam20.media.mit.edu/static/entities/oct9_news/t_democrats%20accused%20of%20prioritizing%20social%20spending.png","38.104.7.174",3,0,0,0,"Mozilla/5.0 (Macintosh; Intel Mac OS X 10_15_7) AppleWebKit/537.36 (KHTML, like Gecko) Chrome/103.0.0.0 Safari/537.36"
"9",1658179378018,1658179376324,1658179353818,"bob","o9n_abZKl",1,"e3pG6d","likes",1,-1,"news","oct9_news","https://foodcam20.media.mit.edu/static/entities/oct9_news/f_how%20a%20philly%20mob%20boss%20stole%20the%20election.jpg","38.104.7.174",1,0,0,0,"Mozilla/5.0 (Macintosh; Intel Mac OS X 10_15_7) AppleWebKit/537.36 (KHTML, like Gecko) Chrome/103.0.0.0 Safari/537.36"
"10",1658179489261,-1,1658179353818,"bob","o9n_abZKl",1,"e3pG6d","dwell",23018,-1,"news","oct9_news","https://foodcam20.media.mit.edu/static/entities/oct9_news/f_how%20a%20philly%20mob%20boss%20stole%20the%20election.jpg","38.104.7.174",1,0,0,0,"Mozilla/5.0 (Macintosh; Intel Mac OS X 10_15_7) AppleWebKit/537.36 (KHTML, like Gecko) Chrome/103.0.0.0 Safari/537.36"
"11",1658179489261,-1,1658179353853,"bob","o9n_hWYnH",1,"e3pG6d","dwell",21599,-1,"news","oct9_news","https://foodcam20.media.mit.edu/static/entities/oct9_news/f_bitchute-nasal-swab.png","38.104.7.174",0,0,0,0,"Mozilla/5.0 (Macintosh; Intel Mac OS X 10_15_7) AppleWebKit/537.36 (KHTML, like Gecko) Chrome/103.0.0.0 Safari/537.36"
"12",1658179489261,-1,1658179375468,"bob","o9n_gWIAb",1,"e3pG6d","dwell",1850,-1,"news","oct9_news","https://foodcam20.media.mit.edu/static/entities/oct9_news/t_SC%20justices%20skeptical%20of%20Texas%20abortion%20law.png","38.104.7.174",2,0,0,0,"Mozilla/5.0 (Macintosh; Intel Mac OS X 10_15_7) AppleWebKit/537.36 (KHTML, like Gecko) Chrome/103.0.0.0 Safari/537.36"
"13",1658179489261,-1,1658179376871,"bob","o9n_1Y8XL",1,"e3pG6d","dwell",1430,-1,"news","oct9_news","https://foodcam20.media.mit.edu/static/entities/oct9_news/t_democrats%20accused%20of%20prioritizing%20social%20spending.png","38.104.7.174",3,0,0,0,"Mozilla/5.0 (Macintosh; Intel Mac OS X 10_15_7) AppleWebKit/537.36 (KHTML, like Gecko) Chrome/103.0.0.0 Safari/537.36"
"14",1658179379066,1658179377991,1658179376871,"bob","o9n_1Y8XL",1,"e3pG6d","likes",1,-1,"news","oct9_news","https://foodcam20.media.mit.edu/static/entities/oct9_news/t_democrats%20accused%20of%20prioritizing%20social%20spending.png","38.104.7.174",3,0,0,0,"Mozilla/5.0 (Macintosh; Intel Mac OS X 10_15_7) AppleWebKit/537.36 (KHTML, like Gecko) Chrome/103.0.0.0 Safari/537.36"
"15",1658179489261,-1,1658179378203,"bob","o9n_uupt0",1,"e3pG6d","dwell",465,-1,"news","oct9_news","https://foodcam20.media.mit.edu/static/entities/oct9_news/f_Giuliani%20offers%20legal%20services%20in%20exchange%20for%20pardon.png","38.104.7.174",4,0,0,0,"Mozilla/5.0 (Macintosh; Intel Mac OS X 10_15_7) AppleWebKit/537.36 (KHTML, like Gecko) Chrome/103.0.0.0 Safari/537.36"
"16",1658179489261,-1,1658179378502,"bob","o9n_SX1RP",1,"e3pG6d","dwell",1115,-1,"news","oct9_news","https://foodcam20.media.mit.edu/static/entities/oct9_news/t_haley%20calls%20for%20cognitive%20test%20for%20older%20politicians.png","38.104.7.174",5,0,0,0,"Mozilla/5.0 (Macintosh; Intel Mac OS X 10_15_7) AppleWebKit/537.36 (KHTML, like Gecko) Chrome/103.0.0.0 Safari/537.36"
"17",1658179380426,1658179379350,1658179378502,"bob","o9n_SX1RP",1,"e3pG6d","shares",1,-1,"news","oct9_news","https://foodcam20.media.mit.edu/static/entities/oct9_news/t_haley%20calls%20for%20cognitive%20test%20for%20older%20politicians.png","38.104.7.174",5,0,0,0,"Mozilla/5.0 (Macintosh; Intel Mac OS X 10_15_7) AppleWebKit/537.36 (KHTML, like Gecko) Chrome/103.0.0.0 Safari/537.36"
"18",1658179489261,-1,1658179378718,"bob","o9n_RXkkg",1,"e3pG6d","dwell",1250,-1,"news","oct9_news","https://foodcam20.media.mit.edu/static/entities/oct9_news/t_Germany%20named%20best%20country%20in%20the%20world.png","38.104.7.174",6,0,0,0,"Mozilla/5.0 (Macintosh; Intel Mac OS X 10_15_7) AppleWebKit/537.36 (KHTML, like Gecko) Chrome/103.0.0.0 Safari/537.36"
"19",1658179382141,1658179380677,1658179379668,"bob","o9n_KWUaR",1,"e3pG6d","shares",1,-1,"news","oct9_news","https://foodcam20.media.mit.edu/static/entities/oct9_news/t_trump%20allies%20discuss%20election%20fraud%20claims.png","38.104.7.174",7,0,0,0,"Mozilla/5.0 (Macintosh; Intel Mac OS X 10_15_7) AppleWebKit/537.36 (KHTML, like Gecko) Chrome/103.0.0.0 Safari/537.36"
"20",1658179489261,-1,1658179379668,"bob","o9n_KWUaR",1,"e3pG6d","dwell",1284,-1,"news","oct9_news","https://foodcam20.media.mit.edu/static/entities/oct9_news/t_trump%20allies%20discuss%20election%20fraud%20claims.png","38.104.7.174",7,0,0,0,"Mozilla/5.0 (Macintosh; Intel Mac OS X 10_15_7) AppleWebKit/537.36 (KHTML, like Gecko) Chrome/103.0.0.0 Safari/537.36"
"21",1658179489261,-1,1658179380002,"bob","o9n_JAWEa",1,"e3pG6d","dwell",1351,-1,"news","oct9_news","https://foodcam20.media.mit.edu/static/entities/oct9_news/t_first%20X%20gender%20passport%20in%20USA.png","38.104.7.174",8,0,0,0,"Mozilla/5.0 (Macintosh; Intel Mac OS X 10_15_7) AppleWebKit/537.36 (KHTML, like Gecko) Chrome/103.0.0.0 Safari/537.36"
"22",1658179363279,1658179382180,1658179380968,"bob","o9n_gt4ok",1,"e3pG6d","likes",1,-1,"news","oct9_news","https://foodcam20.media.mit.edu/static/entities/oct9_news/f_pence%20regrets%20that%20trump%20didnt%20do%20more%20to%20reverse%20gay%20agenda.jpg","38.104.7.174",9,0,0,0,"Mozilla/5.0 (Macintosh; Intel Mac OS X 10_15_7) AppleWebKit/537.36 (KHTML, like Gecko) Chrome/103.0.0.0 Safari/537.36"
"23",1658179489261,-1,1658179380968,"bob","o9n_gt4ok",1,"e3pG6d","dwell",1450,-1,"news","oct9_news","https://foodcam20.media.mit.edu/static/entities/oct9_news/f_pence%20regrets%20that%20trump%20didnt%20do%20more%20to%20reverse%20gay%20agenda.jpg","38.104.7.174",9,0,0,0,"Mozilla/5.0 (Macintosh; Intel Mac OS X 10_15_7) AppleWebKit/537.36 (KHTML, like Gecko) Chrome/103.0.0.0 Safari/537.36"
"24",1658179489261,-1,1658179381420,"bob","o9n_4kRWW",1,"e3pG6d","dwell",1331,-1,"news","oct9_news","https://foodcam20.media.mit.edu/static/entities/oct9_news/f_DOJ%20to%20investigate%20people%20chanting%20F%20Biden.png","38.104.7.174",10,0,0,0,"Mozilla/5.0 (Macintosh; Intel Mac OS X 10_15_7) AppleWebKit/537.36 (KHTML, like Gecko) Chrome/103.0.0.0 Safari/537.36"
"25",1658179489261,-1,1658179382485,"bob","o9n_r7uW6",1,"e3pG6d","dwell",1351,-1,"news","oct9_news","https://foodcam20.media.mit.edu/static/entities/oct9_news/t_taxpayers%20pay%20for%20Blasios%20trip.png","38.104.7.174",11,0,0,0,"Mozilla/5.0 (Macintosh; Intel Mac OS X 10_15_7) AppleWebKit/537.36 (KHTML, like Gecko) Chrome/103.0.0.0 Safari/537.36"
"26",1658179384620,1658179383540,1658179382485,"bob","o9n_r7uW6",1,"e3pG6d","shares",1,-1,"news","oct9_news","https://foodcam20.media.mit.edu/static/entities/oct9_news/t_taxpayers%20pay%20for%20Blasios%20trip.png","38.104.7.174",11,0,0,0,"Mozilla/5.0 (Macintosh; Intel Mac OS X 10_15_7) AppleWebKit/537.36 (KHTML, like Gecko) Chrome/103.0.0.0 Safari/537.36"
"27",1658179489261,-1,1658179382768,"bob","o9n_0I9jN",1,"e3pG6d","dwell",2252,-1,"news","oct9_news","https://foodcam20.media.mit.edu/static/entities/oct9_news/f_Giuliani_mypillow_pitchman.png","38.104.7.174",12,0,0,0,"Mozilla/5.0 (Macintosh; Intel Mac OS X 10_15_7) AppleWebKit/537.36 (KHTML, like Gecko) Chrome/103.0.0.0 Safari/537.36"
"28",1658179390482,1658179388891,1658179384418,"bob","o9n_GMGha",1,"e3pG6d","likes",1,-1,"news","oct9_news","https://foodcam20.media.mit.edu/static/entities/oct9_news/f_Tucker%20Carlson%20forced%20to%20sell%20tie%20collection.png","38.104.7.174",13,0,0,0,"Mozilla/5.0 (Macintosh; Intel Mac OS X 10_15_7) AppleWebKit/537.36 (KHTML, like Gecko) Chrome/103.0.0.0 Safari/537.36"
"29",1658179390224,1658179388707,1658179384418,"bob","o9n_GMGha",1,"e3pG6d","likes",0,-1,"news","oct9_news","https://foodcam20.media.mit.edu/static/entities/oct9_news/f_Tucker%20Carlson%20forced%20to%20sell%20tie%20collection.png","38.104.7.174",13,0,0,0,"Mozilla/5.0 (Macintosh; Intel Mac OS X 10_15_7) AppleWebKit/537.36 (KHTML, like Gecko) Chrome/103.0.0.0 Safari/537.36"
"30",1658179388771,1658179387691,1658179384418,"bob","o9n_GMGha",1,"e3pG6d","likes",1,-1,"news","oct9_news","https://foodcam20.media.mit.edu/static/entities/oct9_news/f_Tucker%20Carlson%20forced%20to%20sell%20tie%20collection.png","38.104.7.174",13,0,0,0,"Mozilla/5.0 (Macintosh; Intel Mac OS X 10_15_7) AppleWebKit/537.36 (KHTML, like Gecko) Chrome/103.0.0.0 Safari/537.36"
"31",1658179489261,-1,1658179384418,"bob","o9n_GMGha",1,"e3pG6d","dwell",5804,-1,"news","oct9_news","https://foodcam20.media.mit.edu/static/entities/oct9_news/f_Tucker%20Carlson%20forced%20to%20sell%20tie%20collection.png","38.104.7.174",13,0,0,0,"Mozilla/5.0 (Macintosh; Intel Mac OS X 10_15_7) AppleWebKit/537.36 (KHTML, like Gecko) Chrome/103.0.0.0 Safari/537.36"
"32",1658179489261,-1,1658179385036,"bob","o9n_jKlPh",1,"e3pG6d","dwell",5683,-1,"news","oct9_news","https://foodcam20.media.mit.edu/static/entities/oct9_news/f_Biden%20Buys%20film%20right%20to%20piss%20off%20Trump.png","38.104.7.174",14,0,0,0,"Mozilla/5.0 (Macintosh; Intel Mac OS X 10_15_7) AppleWebKit/537.36 (KHTML, like Gecko) Chrome/103.0.0.0 Safari/537.36"
"33",1658179391095,1658179390019,1658179385036,"bob","o9n_jKlPh",1,"e3pG6d","likes",1,-1,"news","oct9_news","https://foodcam20.media.mit.edu/static/entities/oct9_news/f_Biden%20Buys%20film%20right%20to%20piss%20off%20Trump.png","38.104.7.174",14,0,0,0,"Mozilla/5.0 (Macintosh; Intel Mac OS X 10_15_7) AppleWebKit/537.36 (KHTML, like Gecko) Chrome/103.0.0.0 Safari/537.36"
"34",1658179392337,1658179391257,1658179390253,"bob","o9n_nJE1f",1,"e3pG6d","shares",1,-1,"news","oct9_news","https://foodcam20.media.mit.edu/static/entities/oct9_news/f_trump%20voter%20wants%20taco%20bell%20shut%20down%20for%20being%20too%20mexican.jpg","38.104.7.174",15,0,0,0,"Mozilla/5.0 (Macintosh; Intel Mac OS X 10_15_7) AppleWebKit/537.36 (KHTML, like Gecko) Chrome/103.0.0.0 Safari/537.36"
"35",1658179489261,-1,1658179390253,"bob","o9n_nJE1f",1,"e3pG6d","dwell",1999,-1,"news","oct9_news","https://foodcam20.media.mit.edu/static/entities/oct9_news/f_trump%20voter%20wants%20taco%20bell%20shut%20down%20for%20being%20too%20mexican.jpg","38.104.7.174",15,0,0,0,"Mozilla/5.0 (Macintosh; Intel Mac OS X 10_15_7) AppleWebKit/537.36 (KHTML, like Gecko) Chrome/103.0.0.0 Safari/537.36"
"36",1658179489261,-1,1658179392202,"bob","o9n_IL61Z",1,"e3pG6d","dwell",33034,-1,"news","oct9_news","https://foodcam20.media.mit.edu/static/entities/oct9_news/f_Norway%20reclassifies%20covid%20as%20common%20flu.png","38.104.7.174",16,0,0,0,"Mozilla/5.0 (Macintosh; Intel Mac OS X 10_15_7) AppleWebKit/537.36 (KHTML, like Gecko) Chrome/103.0.0.0 Safari/537.36"
"37",1658179426061,1658179424874,1658179392202,"bob","o9n_IL61Z",1,"e3pG6d","likes",1,-1,"news","oct9_news","https://foodcam20.media.mit.edu/static/entities/oct9_news/f_Norway%20reclassifies%20covid%20as%20common%20flu.png","38.104.7.174",16,0,0,0,"Mozilla/5.0 (Macintosh; Intel Mac OS X 10_15_7) AppleWebKit/537.36 (KHTML, like Gecko) Chrome/103.0.0.0 Safari/537.36"
"38",1658179489261,-1,1658179392285,"bob","o9n_1NzgH",1,"e3pG6d","dwell",33867,-1,"news","oct9_news","https://foodcam20.media.mit.edu/static/entities/oct9_news/t_Sinema%20earns%20republican%20respect.png","38.104.7.174",17,0,0,0,"Mozilla/5.0 (Macintosh; Intel Mac OS X 10_15_7) AppleWebKit/537.36 (KHTML, like Gecko) Chrome/103.0.0.0 Safari/537.36"
"39",1658179426969,1658179425891,1658179392285,"bob","o9n_1NzgH",1,"e3pG6d","likes",1,-1,"news","oct9_news","https://foodcam20.media.mit.edu/static/entities/oct9_news/t_Sinema%20earns%20republican%20respect.png","38.104.7.174",17,0,0,0,"Mozilla/5.0 (Macintosh; Intel Mac OS X 10_15_7) AppleWebKit/537.36 (KHTML, like Gecko) Chrome/103.0.0.0 Safari/537.36"
"40",1658179489261,-1,1658179425269,"bob","o9n_DDWYe",1,"e3pG6d","dwell",2433,-1,"news","oct9_news","https://foodcam20.media.mit.edu/static/entities/oct9_news/t_teachers%20sue%20over%20Oklahomas%20ban%20on%20CRT.png","38.104.7.174",18,0,0,0,"Mozilla/5.0 (Macintosh; Intel Mac OS X 10_15_7) AppleWebKit/537.36 (KHTML, like Gecko) Chrome/103.0.0.0 Safari/537.36"
"41",1658179489261,-1,1658179426207,"bob","o9n_vtZNd",1,"e3pG6d","dwell",2446,-1,"news","oct9_news","https://foodcam20.media.mit.edu/static/entities/oct9_news/t_republicans%20voted%20for%20Biden's%20bill.png","38.104.7.174",19,0,0,0,"Mozilla/5.0 (Macintosh; Intel Mac OS X 10_15_7) AppleWebKit/537.36 (KHTML, like Gecko) Chrome/103.0.0.0 Safari/537.36"
"42",1658179489261,-1,1658179426536,"bob","o9n_snzGv",1,"e3pG6d","dwell",418,-1,"news","oct9_news","https://foodcam20.media.mit.edu/static/entities/oct9_news/t_Biden%20leaving%20Americans%20stranded%20in%20Afghanistan.png","38.104.7.174",20,0,0,0,"Mozilla/5.0 (Macintosh; Intel Mac OS X 10_15_7) AppleWebKit/537.36 (KHTML, like Gecko) Chrome/103.0.0.0 Safari/537.36"
"43",1658179489261,-1,1658179426552,"bob","o9n_vQAZv",1,"e3pG6d","dwell",188,-1,"news","oct9_news","https://foodcam20.media.mit.edu/static/entities/oct9_news/f_omar%20spits%20on%20the%20tomb%20of%20the%20unknown%20soldier.jpg","38.104.7.174",21,0,0,0,"Mozilla/5.0 (Macintosh; Intel Mac OS X 10_15_7) AppleWebKit/537.36 (KHTML, like Gecko) Chrome/103.0.0.0 Safari/537.36"
"44",1658179489261,-1,1658179426586,"bob","o9n_Ox3cJ",1,"e3pG6d","dwell",153,-1,"news","oct9_news","https://foodcam20.media.mit.edu/static/entities/oct9_news/t_40%20percent%20refugees%20are%20kids.png","38.104.7.174",22,0,0,0,"Mozilla/5.0 (Macintosh; Intel Mac OS X 10_15_7) AppleWebKit/537.36 (KHTML, like Gecko) Chrome/103.0.0.0 Safari/537.36"
"45",1658179489261,-1,1658179426670,"bob","o9n_CspIB",1,"e3pG6d","dwell",70,-1,"news","oct9_news","https://foodcam20.media.mit.edu/static/entities/oct9_news/f_Kamala%20military%20are%20cowards.png","38.104.7.174",23,0,0,0,"Mozilla/5.0 (Macintosh; Intel Mac OS X 10_15_7) AppleWebKit/537.36 (KHTML, like Gecko) Chrome/103.0.0.0 Safari/537.36"
"46",1658179432518,1658179430170,1658179427718,"bob","o9n_snzGv",1,"e3pG6d","likes",1,-1,"news","oct9_news","https://foodcam20.media.mit.edu/static/entities/oct9_news/t_Biden%20leaving%20Americans%20stranded%20in%20Afghanistan.png","38.104.7.174",20,0,0,0,"Mozilla/5.0 (Macintosh; Intel Mac OS X 10_15_7) AppleWebKit/537.36 (KHTML, like Gecko) Chrome/103.0.0.0 Safari/537.36"
"47",1658179489261,-1,1658179427718,"bob","o9n_snzGv",1,"e3pG6d","dwell",7984,-1,"news","oct9_news","https://foodcam20.media.mit.edu/static/entities/oct9_news/t_Biden%20leaving%20Americans%20stranded%20in%20Afghanistan.png","38.104.7.174",20,0,0,0,"Mozilla/5.0 (Macintosh; Intel Mac OS X 10_15_7) AppleWebKit/537.36 (KHTML, like Gecko) Chrome/103.0.0.0 Safari/537.36"
"48",1658179489261,-1,1658179428686,"bob","o9n_vQAZv",1,"e3pG6d","dwell",7801,-1,"news","oct9_news","https://foodcam20.media.mit.edu/static/entities/oct9_news/f_omar%20spits%20on%20the%20tomb%20of%20the%20unknown%20soldier.jpg","38.104.7.174",21,0,0,0,"Mozilla/5.0 (Macintosh; Intel Mac OS X 10_15_7) AppleWebKit/537.36 (KHTML, like Gecko) Chrome/103.0.0.0 Safari/537.36"
"49",1658179489261,-1,1658179435718,"bob","o9n_Ox3cJ",1,"e3pG6d","dwell",1583,-1,"news","oct9_news","https://foodcam20.media.mit.edu/static/entities/oct9_news/t_40%20percent%20refugees%20are%20kids.png","38.104.7.174",22,0,0,0,"Mozilla/5.0 (Macintosh; Intel Mac OS X 10_15_7) AppleWebKit/537.36 (KHTML, like Gecko) Chrome/103.0.0.0 Safari/537.36"
"50",1658179439614,1658179438207,1658179436519,"bob","o9n_CspIB",1,"e3pG6d","likes",1,-1,"news","oct9_news","https://foodcam20.media.mit.edu/static/entities/oct9_news/f_Kamala%20military%20are%20cowards.png","38.104.7.174",23,0,0,0,"Mozilla/5.0 (Macintosh; Intel Mac OS X 10_15_7) AppleWebKit/537.36 (KHTML, like Gecko) Chrome/103.0.0.0 Safari/537.36"
"51",1658179489261,-1,1658179436519,"bob","o9n_CspIB",1,"e3pG6d","dwell",1983,-1,"news","oct9_news","https://foodcam20.media.mit.edu/static/entities/oct9_news/f_Kamala%20military%20are%20cowards.png","38.104.7.174",23,0,0,0,"Mozilla/5.0 (Macintosh; Intel Mac OS X 10_15_7) AppleWebKit/537.36 (KHTML, like Gecko) Chrome/103.0.0.0 Safari/537.36"
"52",1658179489261,-1,1658179437319,"bob","o9n_rloc5",1,"e3pG6d","dwell",14116,-1,"news","oct9_news","https://foodcam20.media.mit.edu/static/entities/oct9_news/t_Bidens%20fitness%20questioned%20after%20Afghanistan%20issues.png","38.104.7.174",24,0,0,0,"Mozilla/5.0 (Macintosh; Intel Mac OS X 10_15_7) AppleWebKit/537.36 (KHTML, like Gecko) Chrome/103.0.0.0 Safari/537.36"
"53",1658179489261,-1,1658179438518,"bob","o9n_U556g",1,"e3pG6d","dwell",13018,-1,"news","oct9_news","https://foodcam20.media.mit.edu/static/entities/oct9_news/t_Biden%20appoints%20a%20republican.png","38.104.7.174",25,0,0,0,"Mozilla/5.0 (Macintosh; Intel Mac OS X 10_15_7) AppleWebKit/537.36 (KHTML, like Gecko) Chrome/103.0.0.0 Safari/537.36"
"54",1658179489261,-1,1658179438569,"bob","o9n_SuWeO",1,"e3pG6d","dwell",485,-1,"news","oct9_news","https://foodcam20.media.mit.edu/static/entities/oct9_news/f_russian%20hackers%20insert%20porn%20pages%20into%20married%20mans%20browser%20history.jpg","38.104.7.174",26,0,0,0,"Mozilla/5.0 (Macintosh; Intel Mac OS X 10_15_7) AppleWebKit/537.36 (KHTML, like Gecko) Chrome/103.0.0.0 Safari/537.36"
"55",1658179489261,-1,1658179451468,"bob","o9n_SuWeO",1,"e3pG6d","dwell",117,-1,"news","oct9_news","https://foodcam20.media.mit.edu/static/entities/oct9_news/f_russian%20hackers%20insert%20porn%20pages%20into%20married%20mans%20browser%20history.jpg","38.104.7.174",26,0,0,0,"Mozilla/5.0 (Macintosh; Intel Mac OS X 10_15_7) AppleWebKit/537.36 (KHTML, like Gecko) Chrome/103.0.0.0 Safari/537.36"
"56",1658179489261,-1,1658179451552,"bob","o9n_ZP08D",1,"e3pG6d","dwell",2866,-1,"news","oct9_news","https://foodcam20.media.mit.edu/static/entities/oct9_news/f_court%20orders%20tiger%20woods%20to%20take%20137%20paternity%20tests.jpg","38.104.7.174",27,0,0,0,"Mozilla/5.0 (Macintosh; Intel Mac OS X 10_15_7) AppleWebKit/537.36 (KHTML, like Gecko) Chrome/103.0.0.0 Safari/537.36"
"57",1658179454004,1658179452624,1658179451552,"bob","o9n_ZP08D",1,"e3pG6d","likes",1,-1,"news","oct9_news","https://foodcam20.media.mit.edu/static/entities/oct9_news/f_court%20orders%20tiger%20woods%20to%20take%20137%20paternity%20tests.jpg","38.104.7.174",27,0,0,0,"Mozilla/5.0 (Macintosh; Intel Mac OS X 10_15_7) AppleWebKit/537.36 (KHTML, like Gecko) Chrome/103.0.0.0 Safari/537.36"
"58",1658179489261,-1,1658179452920,"bob","o9n_s8FMF",1,"e3pG6d","dwell",2732,-1,"news","oct9_news","https://foodcam20.media.mit.edu/static/entities/oct9_news/f_Republicans%20to%20support%20democratic%20leader%20chosen%20on%20the%20basis%20of%20race.png","38.104.7.174",28,0,0,0,"Mozilla/5.0 (Macintosh; Intel Mac OS X 10_15_7) AppleWebKit/537.36 (KHTML, like Gecko) Chrome/103.0.0.0 Safari/537.36"
"59",1658179489261,-1,1658179455701,"bob","o9n_rmHvV",1,"e3pG6d","dwell",1442,-1,"news","oct9_news","https://foodcam20.media.mit.edu/static/entities/oct9_news/f_portland%20to%20allow%20furries%20to%20defecate%20mate%20in%20dog%20parks.jpg","38.104.7.174",37,0,0,0,"Mozilla/5.0 (Macintosh; Intel Mac OS X 10_15_7) AppleWebKit/537.36 (KHTML, like Gecko) Chrome/103.0.0.0 Safari/537.36"
"60",1658179489261,-1,1658179455720,"bob","o9n_k2Au4",1,"e3pG6d","dwell",1422,-1,"news","oct9_news","https://foodcam20.media.mit.edu/static/entities/oct9_news/f_woman%20sues%20samsung%20for%20millions%20after%20cell%20phone%20gets%20stuck.jpg","38.104.7.174",38,0,0,0,"Mozilla/5.0 (Macintosh; Intel Mac OS X 10_15_7) AppleWebKit/537.36 (KHTML, like Gecko) Chrome/103.0.0.0 Safari/537.36"
"61",1658179489261,-1,1658179455769,"bob","o9n_rw8F9",1,"e3pG6d","dwell",1386,-1,"news","oct9_news","https://foodcam20.media.mit.edu/static/entities/oct9_news/f_death%20row%20inmate%20demands%20to%20be%20served%20a%20live%20cat%20as%20last%20meal.jpg","38.104.7.174",39,0,0,0,"Mozilla/5.0 (Macintosh; Intel Mac OS X 10_15_7) AppleWebKit/537.36 (KHTML, like Gecko) Chrome/103.0.0.0 Safari/537.36"
"62",1658179489261,-1,1658179456919,"bob","o9n_ptyNi",1,"e3pG6d","dwell",252,-1,"news","oct9_news","https://foodcam20.media.mit.edu/static/entities/oct9_news/t_states%20sue%20Biden%20for%20stopping%20border%20wall.png","38.104.7.174",40,0,0,0,"Mozilla/5.0 (Macintosh; Intel Mac OS X 10_15_7) AppleWebKit/537.36 (KHTML, like Gecko) Chrome/103.0.0.0 Safari/537.36"
"63",1658179489261,-1,1658179456935,"bob","o9n_d9Mt2",1,"e3pG6d","dwell",301,-1,"news","oct9_news","https://foodcam20.media.mit.edu/static/entities/oct9_news/f_british%20pilots%20die%20of%20COVID%20vaccine.png","38.104.7.174",41,0,0,0,"Mozilla/5.0 (Macintosh; Intel Mac OS X 10_15_7) AppleWebKit/537.36 (KHTML, like Gecko) Chrome/103.0.0.0 Safari/537.36"
"64",1658179489261,-1,1658179456951,"bob","o9n_MqOLv",1,"e3pG6d","dwell",684,-1,"news","oct9_news","https://foodcam20.media.mit.edu/static/entities/oct9_news/t_US%20ambassador%20backs%20security%20assistance%20to%20Taiwan.png","38.104.7.174",43,0,0,0,"Mozilla/5.0 (Macintosh; Intel Mac OS X 10_15_7) AppleWebKit/537.36 (KHTML, like Gecko) Chrome/103.0.0.0 Safari/537.36"
"65",1658179489261,-1,1658179456951,"bob","o9n_xm7xH",1,"e3pG6d","dwell",0,-1,"news","oct9_news","https://foodcam20.media.mit.edu/static/entities/oct9_news/f_shocking%20revelation%20and%20divorce%20after%20obama%20admits%20gay.jpg","38.104.7.174",44,0,0,0,"Mozilla/5.0 (Macintosh; Intel Mac OS X 10_15_7) AppleWebKit/537.36 (KHTML, like Gecko) Chrome/103.0.0.0 Safari/537.36"
"66",1658179489261,-1,1658179456952,"bob","o9n_GPvag",1,"e3pG6d","dwell",668,-1,"news","oct9_news","https://foodcam20.media.mit.edu/static/entities/oct9_news/f_21%20thousand%20dead%20people%20registered%20on%20pennsylvania%20voter%20rolls.jpg","38.104.7.174",42,0,0,0,"Mozilla/5.0 (Macintosh; Intel Mac OS X 10_15_7) AppleWebKit/537.36 (KHTML, like Gecko) Chrome/103.0.0.0 Safari/537.36"
"67",1658179489261,-1,1658179457894,"bob","o9n_ptyNi",1,"e3pG6d","dwell",8,-1,"news","oct9_news","https://foodcam20.media.mit.edu/static/entities/oct9_news/t_states%20sue%20Biden%20for%20stopping%20border%20wall.png","38.104.7.174",40,0,0,0,"Mozilla/5.0 (Macintosh; Intel Mac OS X 10_15_7) AppleWebKit/537.36 (KHTML, like Gecko) Chrome/103.0.0.0 Safari/537.36"
"68",1658179489261,-1,1658179458251,"bob","o9n_SuWeO",1,"e3pG6d","dwell",86,-1,"news","oct9_news","https://foodcam20.media.mit.edu/static/entities/oct9_news/f_russian%20hackers%20insert%20porn%20pages%20into%20married%20mans%20browser%20history.jpg","38.104.7.174",26,0,0,0,"Mozilla/5.0 (Macintosh; Intel Mac OS X 10_15_7) AppleWebKit/537.36 (KHTML, like Gecko) Chrome/103.0.0.0 Safari/537.36"
"69",1658179489261,-1,1658179458288,"bob","o9n_U556g",1,"e3pG6d","dwell",118,-1,"news","oct9_news","https://foodcam20.media.mit.edu/static/entities/oct9_news/t_Biden%20appoints%20a%20republican.png","38.104.7.174",25,0,0,0,"Mozilla/5.0 (Macintosh; Intel Mac OS X 10_15_7) AppleWebKit/537.36 (KHTML, like Gecko) Chrome/103.0.0.0 Safari/537.36"
"70",1658179489261,-1,1658179458352,"bob","o9n_rloc5",1,"e3pG6d","dwell",136,-1,"news","oct9_news","https://foodcam20.media.mit.edu/static/entities/oct9_news/t_Bidens%20fitness%20questioned%20after%20Afghanistan%20issues.png","38.104.7.174",24,0,0,0,"Mozilla/5.0 (Macintosh; Intel Mac OS X 10_15_7) AppleWebKit/537.36 (KHTML, like Gecko) Chrome/103.0.0.0 Safari/537.36"
"71",1658179489261,-1,1658179458418,"bob","o9n_CspIB",1,"e3pG6d","dwell",301,-1,"news","oct9_news","https://foodcam20.media.mit.edu/static/entities/oct9_news/f_Kamala%20military%20are%20cowards.png","38.104.7.174",23,0,0,0,"Mozilla/5.0 (Macintosh; Intel Mac OS X 10_15_7) AppleWebKit/537.36 (KHTML, like Gecko) Chrome/103.0.0.0 Safari/537.36"
"72",1658179489261,-1,1658179458502,"bob","o9n_Ox3cJ",1,"e3pG6d","dwell",149,-1,"news","oct9_news","https://foodcam20.media.mit.edu/static/entities/oct9_news/t_40%20percent%20refugees%20are%20kids.png","38.104.7.174",22,0,0,0,"Mozilla/5.0 (Macintosh; Intel Mac OS X 10_15_7) AppleWebKit/537.36 (KHTML, like Gecko) Chrome/103.0.0.0 Safari/537.36"
"73",1658179489261,-1,1658179458668,"bob","o9n_rloc5",1,"e3pG6d","dwell",102,-1,"news","oct9_news","https://foodcam20.media.mit.edu/static/entities/oct9_news/t_Bidens%20fitness%20questioned%20after%20Afghanistan%20issues.png","38.104.7.174",24,0,0,0,"Mozilla/5.0 (Macintosh; Intel Mac OS X 10_15_7) AppleWebKit/537.36 (KHTML, like Gecko) Chrome/103.0.0.0 Safari/537.36"
"74",1658179489261,-1,1658179458718,"bob","o9n_U556g",1,"e3pG6d","dwell",71,-1,"news","oct9_news","https://foodcam20.media.mit.edu/static/entities/oct9_news/t_Biden%20appoints%20a%20republican.png","38.104.7.174",25,0,0,0,"Mozilla/5.0 (Macintosh; Intel Mac OS X 10_15_7) AppleWebKit/537.36 (KHTML, like Gecko) Chrome/103.0.0.0 Safari/537.36"
"75",1658179489261,-1,1658179458818,"bob","o9n_ZP08D",1,"e3pG6d","dwell",133,-1,"news","oct9_news","https://foodcam20.media.mit.edu/static/entities/oct9_news/f_court%20orders%20tiger%20woods%20to%20take%20137%20paternity%20tests.jpg","38.104.7.174",27,0,0,0,"Mozilla/5.0 (Macintosh; Intel Mac OS X 10_15_7) AppleWebKit/537.36 (KHTML, like Gecko) Chrome/103.0.0.0 Safari/537.36"
"76",1658179489261,-1,1658179458852,"bob","o9n_s8FMF",1,"e3pG6d","dwell",185,-1,"news","oct9_news","https://foodcam20.media.mit.edu/static/entities/oct9_news/f_Republicans%20to%20support%20democratic%20leader%20chosen%20on%20the%20basis%20of%20race.png","38.104.7.174",28,0,0,0,"Mozilla/5.0 (Macintosh; Intel Mac OS X 10_15_7) AppleWebKit/537.36 (KHTML, like Gecko) Chrome/103.0.0.0 Safari/537.36"
"77",1658179489261,-1,1658179459187,"bob","o9n_K9Wbu",1,"e3pG6d","dwell",2102,-1,"news","oct9_news","https://foodcam20.media.mit.edu/static/entities/oct9_news/t_Biden%20more%20getaways%20than%20Trump.png","38.104.7.174",49,0,0,0,"Mozilla/5.0 (Macintosh; Intel Mac OS X 10_15_7) AppleWebKit/537.36 (KHTML, like Gecko) Chrome/103.0.0.0 Safari/537.36"
"78",1658179489261,-1,1658179461218,"bob","o9n_rw8F9",1,"e3pG6d","dwell",317,-1,"news","oct9_news","https://foodcam20.media.mit.edu/static/entities/oct9_news/f_death%20row%20inmate%20demands%20to%20be%20served%20a%20live%20cat%20as%20last%20meal.jpg","38.104.7.174",39,0,0,0,"Mozilla/5.0 (Macintosh; Intel Mac OS X 10_15_7) AppleWebKit/537.36 (KHTML, like Gecko) Chrome/103.0.0.0 Safari/537.36"
"79",1658179489261,-1,1658179461234,"bob","o9n_k2Au4",1,"e3pG6d","dwell",386,-1,"news","oct9_news","https://foodcam20.media.mit.edu/static/entities/oct9_news/f_woman%20sues%20samsung%20for%20millions%20after%20cell%20phone%20gets%20stuck.jpg","38.104.7.174",38,0,0,0,"Mozilla/5.0 (Macintosh; Intel Mac OS X 10_15_7) AppleWebKit/537.36 (KHTML, like Gecko) Chrome/103.0.0.0 Safari/537.36"
"80",1658179489261,-1,1658179461258,"bob","o9n_rmHvV",1,"e3pG6d","dwell",2460,-1,"news","oct9_news","https://foodcam20.media.mit.edu/static/entities/oct9_news/f_portland%20to%20allow%20furries%20to%20defecate%20mate%20in%20dog%20parks.jpg","38.104.7.174",37,0,0,0,"Mozilla/5.0 (Macintosh; Intel Mac OS X 10_15_7) AppleWebKit/537.36 (KHTML, like Gecko) Chrome/103.0.0.0 Safari/537.36"
"81",1658179489261,-1,1658179461273,"bob","o9n_4gFZL",1,"e3pG6d","dwell",2442,-1,"news","oct9_news","https://foodcam20.media.mit.edu/static/entities/oct9_news/f_cloverchronicle-gates-vaccine-kill.png","38.104.7.174",36,0,0,0,"Mozilla/5.0 (Macintosh; Intel Mac OS X 10_15_7) AppleWebKit/537.36 (KHTML, like Gecko) Chrome/103.0.0.0 Safari/537.36"
"82",1658179489261,-1,1658179461302,"bob","o9n_jXuPe",1,"e3pG6d","dwell",2411,-1,"news","oct9_news","https://foodcam20.media.mit.edu/static/entities/oct9_news/t_NYC%20vaccine%20mandate.png","38.104.7.174",35,0,0,0,"Mozilla/5.0 (Macintosh; Intel Mac OS X 10_15_7) AppleWebKit/537.36 (KHTML, like Gecko) Chrome/103.0.0.0 Safari/537.36"
"83",1658179489261,-1,1658179461323,"bob","o9n_97j4e",1,"e3pG6d","dwell",2393,-1,"news","oct9_news","https://foodcam20.media.mit.edu/static/entities/oct9_news/f_the%20definitve%20case%20proving%20trump%20won%20the%20election.jpg","38.104.7.174",34,0,0,0,"Mozilla/5.0 (Macintosh; Intel Mac OS X 10_15_7) AppleWebKit/537.36 (KHTML, like Gecko) Chrome/103.0.0.0 Safari/537.36"
"84",1658179489261,-1,1658179461324,"bob","o9n_rSeE1",1,"e3pG6d","dwell",7719,-1,"news","oct9_news","https://foodcam20.media.mit.edu/static/entities/oct9_news/t_Dems%20having%20a%20unity%20problem.png","38.104.7.174",33,0,0,0,"Mozilla/5.0 (Macintosh; Intel Mac OS X 10_15_7) AppleWebKit/537.36 (KHTML, like Gecko) Chrome/103.0.0.0 Safari/537.36"
"85",1658179489261,-1,1658179461336,"bob","o9n_jx5Gs",1,"e3pG6d","dwell",17214,-1,"news","oct9_news","https://foodcam20.media.mit.edu/static/entities/oct9_news/f_Biden%20renames%20white%20house.png","38.104.7.174",32,0,0,0,"Mozilla/5.0 (Macintosh; Intel Mac OS X 10_15_7) AppleWebKit/537.36 (KHTML, like Gecko) Chrome/103.0.0.0 Safari/537.36"
"86",1658179489261,-1,1658179461401,"bob","o9n_XGNUq",1,"e3pG6d","dwell",17253,-1,"news","oct9_news","https://foodcam20.media.mit.edu/static/entities/oct9_news/f_vaccines-vaccinated-spread.png","38.104.7.174",31,0,0,0,"Mozilla/5.0 (Macintosh; Intel Mac OS X 10_15_7) AppleWebKit/537.36 (KHTML, like Gecko) Chrome/103.0.0.0 Safari/537.36"
"87",1658179489261,-1,1658179478569,"bob","o9n_gd3Rf",1,"e3pG6d","dwell",117,-1,"news","oct9_news","https://foodcam20.media.mit.edu/static/entities/oct9_news/t_Virginia%20governor%20will%20welcome%20Maryland%20counties.png","38.104.7.174",30,0,0,0,"Mozilla/5.0 (Macintosh; Intel Mac OS X 10_15_7) AppleWebKit/537.36 (KHTML, like Gecko) Chrome/103.0.0.0 Safari/537.36"
"88",1658179489261,-1,1658179478651,"bob","o9n_yEPnE",1,"e3pG6d","dwell",656,-1,"news","oct9_news","https://foodcam20.media.mit.edu/static/entities/oct9_news/t_centrist%20Democrats%20block%20Biden's%20agenda.png","38.104.7.174",29,0,0,0,"Mozilla/5.0 (Macintosh; Intel Mac OS X 10_15_7) AppleWebKit/537.36 (KHTML, like Gecko) Chrome/103.0.0.0 Safari/537.36"
"89",1658179489261,-1,1658179478703,"bob","o9n_s8FMF",1,"e3pG6d","dwell",549,-1,"news","oct9_news","https://foodcam20.media.mit.edu/static/entities/oct9_news/f_Republicans%20to%20support%20democratic%20leader%20chosen%20on%20the%20basis%20of%20race.png","38.104.7.174",28,0,0,0,"Mozilla/5.0 (Macintosh; Intel Mac OS X 10_15_7) AppleWebKit/537.36 (KHTML, like Gecko) Chrome/103.0.0.0 Safari/537.36"
"90",1658179482447,1658179480325,1658179479269,"bob","o9n_gd3Rf",1,"e3pG6d","likes",1,-1,"news","oct9_news","https://foodcam20.media.mit.edu/static/entities/oct9_news/t_Virginia%20governor%20will%20welcome%20Maryland%20counties.png","38.104.7.174",30,0,0,0,"Mozilla/5.0 (Macintosh; Intel Mac OS X 10_15_7) AppleWebKit/537.36 (KHTML, like Gecko) Chrome/103.0.0.0 Safari/537.36"
"91",1658179489261,-1,1658179479269,"bob","o9n_gd3Rf",1,"e3pG6d","dwell",1385,-1,"news","oct9_news","https://foodcam20.media.mit.edu/static/entities/oct9_news/t_Virginia%20governor%20will%20welcome%20Maryland%20counties.png","38.104.7.174",30,0,0,0,"Mozilla/5.0 (Macintosh; Intel Mac OS X 10_15_7) AppleWebKit/537.36 (KHTML, like Gecko) Chrome/103.0.0.0 Safari/537.36"
"92",1658179489261,-1,1658179479320,"bob","o9n_XGNUq",1,"e3pG6d","dwell",1415,-1,"news","oct9_news","https://foodcam20.media.mit.edu/static/entities/oct9_news/f_vaccines-vaccinated-spread.png","38.104.7.174",31,0,0,0,"Mozilla/5.0 (Macintosh; Intel Mac OS X 10_15_7) AppleWebKit/537.36 (KHTML, like Gecko) Chrome/103.0.0.0 Safari/537.36"
"93",1658179489261,-1,1658179480668,"bob","o9n_jx5Gs",1,"e3pG6d","dwell",567,-1,"news","oct9_news","https://foodcam20.media.mit.edu/static/entities/oct9_news/f_Biden%20renames%20white%20house.png","38.104.7.174",32,0,0,0,"Mozilla/5.0 (Macintosh; Intel Mac OS X 10_15_7) AppleWebKit/537.36 (KHTML, like Gecko) Chrome/103.0.0.0 Safari/537.36"
"94",1658179489261,-1,1658179480756,"bob","o9n_97j4e",1,"e3pG6d","dwell",1832,-1,"news","oct9_news","https://foodcam20.media.mit.edu/static/entities/oct9_news/f_the%20definitve%20case%20proving%20trump%20won%20the%20election.jpg","38.104.7.174",34,0,0,0,"Mozilla/5.0 (Macintosh; Intel Mac OS X 10_15_7) AppleWebKit/537.36 (KHTML, like Gecko) Chrome/103.0.0.0 Safari/537.36"
"95",1658179489261,-1,1658179480757,"bob","o9n_rSeE1",1,"e3pG6d","dwell",546,-1,"news","oct9_news","https://foodcam20.media.mit.edu/static/entities/oct9_news/t_Dems%20having%20a%20unity%20problem.png","38.104.7.174",33,0,0,0,"Mozilla/5.0 (Macintosh; Intel Mac OS X 10_15_7) AppleWebKit/537.36 (KHTML, like Gecko) Chrome/103.0.0.0 Safari/537.36"
"96",1658179489261,-1,1658179481153,"bob","o9n_jXuPe",1,"e3pG6d","dwell",1449,-1,"news","oct9_news","https://foodcam20.media.mit.edu/static/entities/oct9_news/t_NYC%20vaccine%20mandate.png","38.104.7.174",35,0,0,0,"Mozilla/5.0 (Macintosh; Intel Mac OS X 10_15_7) AppleWebKit/537.36 (KHTML, like Gecko) Chrome/103.0.0.0 Safari/537.36"
"97",1658179483352,1658179482274,1658179481288,"bob","o9n_rmHvV",1,"e3pG6d","likes",1,-1,"news","oct9_news","https://foodcam20.media.mit.edu/static/entities/oct9_news/f_portland%20to%20allow%20furries%20to%20defecate%20mate%20in%20dog%20parks.jpg","38.104.7.174",37,0,0,0,"Mozilla/5.0 (Macintosh; Intel Mac OS X 10_15_7) AppleWebKit/537.36 (KHTML, like Gecko) Chrome/103.0.0.0 Safari/537.36"
"98",1658179489261,-1,1658179481619,"bob","o9n_GPvag",1,"e3pG6d","dwell",1767,-1,"news","oct9_news","https://foodcam20.media.mit.edu/static/entities/oct9_news/f_21%20thousand%20dead%20people%20registered%20on%20pennsylvania%20voter%20rolls.jpg","38.104.7.174",42,0,0,0,"Mozilla/5.0 (Macintosh; Intel Mac OS X 10_15_7) AppleWebKit/537.36 (KHTML, like Gecko) Chrome/103.0.0.0 Safari/537.36"
"99",1658179489261,-1,1658179482618,"bob","o9n_hB1vS",1,"e3pG6d","dwell",650,-1,"news","oct9_news","https://foodcam20.media.mit.edu/static/entities/oct9_news/t_white%20house%20plan%20for%20vaccinating%20kids.png","38.104.7.174",45,0,0,0,"Mozilla/5.0 (Macintosh; Intel Mac OS X 10_15_7) AppleWebKit/537.36 (KHTML, like Gecko) Chrome/103.0.0.0 Safari/537.36"
"100",1658179489261,-1,1658179482635,"bob","o9n_6voDO",1,"e3pG6d","dwell",620,-1,"news","oct9_news","https://foodcam20.media.mit.edu/static/entities/oct9_news/f_Portland%20bans%20public%20urinals.png","38.104.7.174",46,0,0,0,"Mozilla/5.0 (Macintosh; Intel Mac OS X 10_15_7) AppleWebKit/537.36 (KHTML, like Gecko) Chrome/103.0.0.0 Safari/537.36"
"101",1658179489261,-1,1658179482719,"bob","o9n_7omln",1,"e3pG6d","dwell",506,-1,"news","oct9_news","https://foodcam20.media.mit.edu/static/entities/oct9_news/t_migrant%20caravan%20headed%20to%20US%20border.png","38.104.7.174",47,0,0,0,"Mozilla/5.0 (Macintosh; Intel Mac OS X 10_15_7) AppleWebKit/537.36 (KHTML, like Gecko) Chrome/103.0.0.0 Safari/537.36"
"102",1658179489261,-1,1658179483335,"bob","o9n_jXuPe",1,"e3pG6d","dwell",3250,-1,"news","oct9_news","https://foodcam20.media.mit.edu/static/entities/oct9_news/t_NYC%20vaccine%20mandate.png","38.104.7.174",35,0,0,0,"Mozilla/5.0 (Macintosh; Intel Mac OS X 10_15_7) AppleWebKit/537.36 (KHTML, like Gecko) Chrome/103.0.0.0 Safari/537.36"
"103",1658179489261,-1,1658179486637,"bob","o9n_VOfN3",1,"e3pG6d","dwell",992,-1,"news","oct9_news","https://foodcam20.media.mit.edu/static/entities/oct9_news/t_Maine%20passes%20right%20to%20food.png","38.104.7.174",48,0,0,0,"Mozilla/5.0 (Macintosh; Intel Mac OS X 10_15_7) AppleWebKit/537.36 (KHTML, like Gecko) Chrome/103.0.0.0 Safari/537.36"
"104",1658202045274,-1,1658201997426,"alice","o9n_m36jw",2,"e3pG6d","dwell",2969,-1,"news","oct9_news","https://foodcam20.media.mit.edu/static/entities/oct9_news/t_Omar%20says%20Democrats%20not%20nixing%20filibuster%20are%20killing%20democracy.png","12.181.97.3",1,443,0,51,"Mozilla/5.0 (Macintosh; Intel Mac OS X 10_14_5) AppleWebKit/537.36 (KHTML, like Gecko) Chrome/103.0.0.0 Safari/537.36"
"105",1658202045274,-1,1658201997427,"alice","o9n_DtF8L",2,"e3pG6d","dwell",2036,-1,"news","oct9_news","https://foodcam20.media.mit.edu/static/entities/oct9_news/t_Walmart%20donated%20to%20Texas%20governor.png","12.181.97.3",2,499,0,32,"Mozilla/5.0 (Macintosh; Intel Mac OS X 10_14_5) AppleWebKit/537.36 (KHTML, like Gecko) Chrome/103.0.0.0 Safari/537.36"
"106",1658202045274,-1,1658201997427,"alice","o9n_snzGv",2,"e3pG6d","dwell",1664,-1,"news","oct9_news","https://foodcam20.media.mit.edu/static/entities/oct9_news/t_Biden%20leaving%20Americans%20stranded%20in%20Afghanistan.png","12.181.97.3",3,83,0,9,"Mozilla/5.0 (Macintosh; Intel Mac OS X 10_14_5) AppleWebKit/537.36 (KHTML, like Gecko) Chrome/103.0.0.0 Safari/537.36"
"107",1658202045274,-1,1658201997427,"alice","o9n_d3ERd",2,"e3pG6d","dwell",1643,-1,"news","oct9_news","https://foodcam20.media.mit.edu/static/entities/oct9_news/t_republicans%20embrace%20Trump%20not%20pay%20debts.png","12.181.97.3",4,2043,0,121,"Mozilla/5.0 (Macintosh; Intel Mac OS X 10_14_5) AppleWebKit/537.36 (KHTML, like Gecko) Chrome/103.0.0.0 Safari/537.36"
"108",1658202013759,1658202013249,1658201997428,"alice","o9n_vQAZv",2,"e3pG6d","likes",1,-1,"news","oct9_news","https://foodcam20.media.mit.edu/static/entities/oct9_news/f_omar%20spits%20on%20the%20tomb%20of%20the%20unknown%20soldier.jpg","12.181.97.3",0,460,0,61,"Mozilla/5.0 (Macintosh; Intel Mac OS X 10_14_5) AppleWebKit/537.36 (KHTML, like Gecko) Chrome/103.0.0.0 Safari/537.36"
"109",1658202045274,-1,1658201997428,"alice","o9n_vQAZv",2,"e3pG6d","dwell",16166,-1,"news","oct9_news","https://foodcam20.media.mit.edu/static/entities/oct9_news/f_omar%20spits%20on%20the%20tomb%20of%20the%20unknown%20soldier.jpg","12.181.97.3",0,460,0,61,"Mozilla/5.0 (Macintosh; Intel Mac OS X 10_14_5) AppleWebKit/537.36 (KHTML, like Gecko) Chrome/103.0.0.0 Safari/537.36"
"110",1658202045274,-1,1658202013609,"alice","o9n_m36jw",2,"e3pG6d","dwell",1668,-1,"news","oct9_news","https://foodcam20.media.mit.edu/static/entities/oct9_news/t_Omar%20says%20Democrats%20not%20nixing%20filibuster%20are%20killing%20democracy.png","12.181.97.3",1,443,0,51,"Mozilla/5.0 (Macintosh; Intel Mac OS X 10_14_5) AppleWebKit/537.36 (KHTML, like Gecko) Chrome/103.0.0.0 Safari/537.36"
"111",1658202014928,1658202014935,1658202013609,"alice","o9n_m36jw",2,"e3pG6d","shares",1,-1,"news","oct9_news","https://foodcam20.media.mit.edu/static/entities/oct9_news/t_Omar%20says%20Democrats%20not%20nixing%20filibuster%20are%20killing%20democracy.png","12.181.97.3",1,443,0,51,"Mozilla/5.0 (Macintosh; Intel Mac OS X 10_14_5) AppleWebKit/537.36 (KHTML, like Gecko) Chrome/103.0.0.0 Safari/537.36"
"112",1658202045274,-1,1658202015278,"alice","o9n_DtF8L",2,"e3pG6d","dwell",515,-1,"news","oct9_news","https://foodcam20.media.mit.edu/static/entities/oct9_news/t_Walmart%20donated%20to%20Texas%20governor.png","12.181.97.3",2,499,0,32,"Mozilla/5.0 (Macintosh; Intel Mac OS X 10_14_5) AppleWebKit/537.36 (KHTML, like Gecko) Chrome/103.0.0.0 Safari/537.36"
"113",1658202016653,1658202016659,1658202015278,"alice","o9n_DtF8L",2,"e3pG6d","shares",1,-1,"news","oct9_news","https://foodcam20.media.mit.edu/static/entities/oct9_news/t_Walmart%20donated%20to%20Texas%20governor.png","12.181.97.3",2,499,0,32,"Mozilla/5.0 (Macintosh; Intel Mac OS X 10_14_5) AppleWebKit/537.36 (KHTML, like Gecko) Chrome/103.0.0.0 Safari/537.36"
"114",1658202045274,-1,1658202015809,"alice","o9n_snzGv",2,"e3pG6d","dwell",2667,-1,"news","oct9_news","https://foodcam20.media.mit.edu/static/entities/oct9_news/t_Biden%20leaving%20Americans%20stranded%20in%20Afghanistan.png","12.181.97.3",3,83,0,9,"Mozilla/5.0 (Macintosh; Intel Mac OS X 10_14_5) AppleWebKit/537.36 (KHTML, like Gecko) Chrome/103.0.0.0 Safari/537.36"
"115",1658202018204,1658202018209,1658202015809,"alice","o9n_snzGv",2,"e3pG6d","likes",1,-1,"news","oct9_news","https://foodcam20.media.mit.edu/static/entities/oct9_news/t_Biden%20leaving%20Americans%20stranded%20in%20Afghanistan.png","12.181.97.3",3,83,0,9,"Mozilla/5.0 (Macintosh; Intel Mac OS X 10_14_5) AppleWebKit/537.36 (KHTML, like Gecko) Chrome/103.0.0.0 Safari/537.36"
"116",1658202019815,1658202019304,1658202018477,"alice","o9n_d3ERd",2,"e3pG6d","likes",1,-1,"news","oct9_news","https://foodcam20.media.mit.edu/static/entities/oct9_news/t_republicans%20embrace%20Trump%20not%20pay%20debts.png","12.181.97.3",4,2043,0,121,"Mozilla/5.0 (Macintosh; Intel Mac OS X 10_14_5) AppleWebKit/537.36 (KHTML, like Gecko) Chrome/103.0.0.0 Safari/537.36"
"117",1658202045274,-1,1658202018477,"alice","o9n_d3ERd",2,"e3pG6d","dwell",1701,-1,"news","oct9_news","https://foodcam20.media.mit.edu/static/entities/oct9_news/t_republicans%20embrace%20Trump%20not%20pay%20debts.png","12.181.97.3",4,2043,0,121,"Mozilla/5.0 (Macintosh; Intel Mac OS X 10_14_5) AppleWebKit/537.36 (KHTML, like Gecko) Chrome/103.0.0.0 Safari/537.36"
"118",1658202045274,-1,1658202020178,"alice","o9n_KWUaR",2,"e3pG6d","dwell",2351,-1,"news","oct9_news","https://foodcam20.media.mit.edu/static/entities/oct9_news/t_trump%20allies%20discuss%20election%20fraud%20claims.png","12.181.97.3",5,1513,0,161,"Mozilla/5.0 (Macintosh; Intel Mac OS X 10_14_5) AppleWebKit/537.36 (KHTML, like Gecko) Chrome/103.0.0.0 Safari/537.36"
"119",1658202021821,1658202021825,1658202020178,"alice","o9n_KWUaR",2,"e3pG6d","shares",1,-1,"news","oct9_news","https://foodcam20.media.mit.edu/static/entities/oct9_news/t_trump%20allies%20discuss%20election%20fraud%20claims.png","12.181.97.3",5,1513,0,161,"Mozilla/5.0 (Macintosh; Intel Mac OS X 10_14_5) AppleWebKit/537.36 (KHTML, like Gecko) Chrome/103.0.0.0 Safari/537.36"
"120",1658202045274,-1,1658202022529,"alice","o9n_kLSc3",2,"e3pG6d","dwell",1601,-1,"news","oct9_news","https://foodcam20.media.mit.edu/static/entities/oct9_news/t_trump%20russia%20dosier%20analyst%20charged%20with%20lying.png","12.181.97.3",6,362,0,22,"Mozilla/5.0 (Macintosh; Intel Mac OS X 10_14_5) AppleWebKit/537.36 (KHTML, like Gecko) Chrome/103.0.0.0 Safari/537.36"
"121",1658202023666,1658202023672,1658202022529,"alice","o9n_kLSc3",2,"e3pG6d","shares",1,-1,"news","oct9_news","https://foodcam20.media.mit.edu/static/entities/oct9_news/t_trump%20russia%20dosier%20analyst%20charged%20with%20lying.png","12.181.97.3",6,362,0,22,"Mozilla/5.0 (Macintosh; Intel Mac OS X 10_14_5) AppleWebKit/537.36 (KHTML, like Gecko) Chrome/103.0.0.0 Safari/537.36"
"122",1658202045274,-1,1658202024180,"alice","o9n_pAypa",2,"e3pG6d","dwell",2050,-1,"news","oct9_news","https://foodcam20.media.mit.edu/static/entities/oct9_news/f_trump%20tells%20supreme%20court%20he%20really%20wanted%20to%20be%20president.jpg","12.181.97.3",7,2970,0,150,"Mozilla/5.0 (Macintosh; Intel Mac OS X 10_14_5) AppleWebKit/537.36 (KHTML, like Gecko) Chrome/103.0.0.0 Safari/537.36"
"123",1658202045274,-1,1658202024180,"alice","o9n_mNjMj",2,"e3pG6d","dwell",0,-1,"news","oct9_news","https://foodcam20.media.mit.edu/static/entities/oct9_news/f_fbi%20behind%20jan%206%20riot.png","12.181.97.3",8,7059,0,543,"Mozilla/5.0 (Macintosh; Intel Mac OS X 10_14_5) AppleWebKit/537.36 (KHTML, like Gecko) Chrome/103.0.0.0 Safari/537.36"
"124",1658202026234,1658202025821,1658202024180,"alice","o9n_pAypa",2,"e3pG6d","shares",1,-1,"news","oct9_news","https://foodcam20.media.mit.edu/static/entities/oct9_news/f_trump%20tells%20supreme%20court%20he%20really%20wanted%20to%20be%20president.jpg","12.181.97.3",7,2970,0,150,"Mozilla/5.0 (Macintosh; Intel Mac OS X 10_14_5) AppleWebKit/537.36 (KHTML, like Gecko) Chrome/103.0.0.0 Safari/537.36"
"125",1658202027623,1658202027629,1658202026246,"alice","o9n_mNjMj",2,"e3pG6d","shares",1,-1,"news","oct9_news","https://foodcam20.media.mit.edu/static/entities/oct9_news/f_fbi%20behind%20jan%206%20riot.png","12.181.97.3",8,7059,0,543,"Mozilla/5.0 (Macintosh; Intel Mac OS X 10_14_5) AppleWebKit/537.36 (KHTML, like Gecko) Chrome/103.0.0.0 Safari/537.36"
"126",1658202045274,-1,1658202028163,"alice","o9n_rSeE1",2,"e3pG6d","dwell",2334,-1,"news","oct9_news","https://foodcam20.media.mit.edu/static/entities/oct9_news/t_Dems%20having%20a%20unity%20problem.png","12.181.97.3",9,85,0,8,"Mozilla/5.0 (Macintosh; Intel Mac OS X 10_14_5) AppleWebKit/537.36 (KHTML, like Gecko) Chrome/103.0.0.0 Safari/537.36"
"127",1658202029736,1658202029742,1658202028163,"alice","o9n_rSeE1",2,"e3pG6d","likes",1,-1,"news","oct9_news","https://foodcam20.media.mit.edu/static/entities/oct9_news/t_Dems%20having%20a%20unity%20problem.png","12.181.97.3",9,85,0,8,"Mozilla/5.0 (Macintosh; Intel Mac OS X 10_14_5) AppleWebKit/537.36 (KHTML, like Gecko) Chrome/103.0.0.0 Safari/537.36"
"128",1658202045274,-1,1658202028764,"alice","o9n_i7Ggo",2,"e3pG6d","dwell",39,-1,"news","oct9_news","https://foodcam20.media.mit.edu/static/entities/oct9_news/t_Boston%20elects%20first%20woman%20asian%20american%20mayor.png","12.181.97.3",10,1651,0,90,"Mozilla/5.0 (Macintosh; Intel Mac OS X 10_14_5) AppleWebKit/537.36 (KHTML, like Gecko) Chrome/103.0.0.0 Safari/537.36"
"129",1658202045274,-1,1658202030481,"alice","o9n_i7Ggo",2,"e3pG6d","dwell",2133,-1,"news","oct9_news","https://foodcam20.media.mit.edu/static/entities/oct9_news/t_Boston%20elects%20first%20woman%20asian%20american%20mayor.png","12.181.97.3",10,1651,0,90,"Mozilla/5.0 (Macintosh; Intel Mac OS X 10_14_5) AppleWebKit/537.36 (KHTML, like Gecko) Chrome/103.0.0.0 Safari/537.36"
"130",1658202032875,1658202032357,1658202030481,"alice","o9n_i7Ggo",2,"e3pG6d","likes",1,-1,"news","oct9_news","https://foodcam20.media.mit.edu/static/entities/oct9_news/t_Boston%20elects%20first%20woman%20asian%20american%20mayor.png","12.181.97.3",10,1651,0,90,"Mozilla/5.0 (Macintosh; Intel Mac OS X 10_14_5) AppleWebKit/537.36 (KHTML, like Gecko) Chrome/103.0.0.0 Safari/537.36"
"131",1658202045274,-1,1658202032615,"alice","o9n_tDMor",2,"e3pG6d","dwell",482,-1,"news","oct9_news","https://foodcam20.media.mit.edu/static/entities/oct9_news/f_trunews-quantum-dot-tattoos.jpg","12.181.97.3",11,80,0,11,"Mozilla/5.0 (Macintosh; Intel Mac OS X 10_14_5) AppleWebKit/537.36 (KHTML, like Gecko) Chrome/103.0.0.0 Safari/537.36"
"132",1658202045274,-1,1658202033116,"alice","o9n_4gFZL",2,"e3pG6d","dwell",566,-1,"news","oct9_news","https://foodcam20.media.mit.edu/static/entities/oct9_news/f_cloverchronicle-gates-vaccine-kill.png","12.181.97.3",12,1754,0,207,"Mozilla/5.0 (Macintosh; Intel Mac OS X 10_14_5) AppleWebKit/537.36 (KHTML, like Gecko) Chrome/103.0.0.0 Safari/537.36"
"133",1658202045274,-1,1658202034181,"alice","o9n_tDMor",2,"e3pG6d","dwell",2534,-1,"news","oct9_news","https://foodcam20.media.mit.edu/static/entities/oct9_news/f_trunews-quantum-dot-tattoos.jpg","12.181.97.3",11,80,0,11,"Mozilla/5.0 (Macintosh; Intel Mac OS X 10_14_5) AppleWebKit/537.36 (KHTML, like Gecko) Chrome/103.0.0.0 Safari/537.36"
"134",1658202035550,1658202035557,1658202034181,"alice","o9n_tDMor",2,"e3pG6d","likes",1,-1,"news","oct9_news","https://foodcam20.media.mit.edu/static/entities/oct9_news/f_trunews-quantum-dot-tattoos.jpg","12.181.97.3",11,80,0,11,"Mozilla/5.0 (Macintosh; Intel Mac OS X 10_14_5) AppleWebKit/537.36 (KHTML, like Gecko) Chrome/103.0.0.0 Safari/537.36"
"135",1658202045274,-1,1658202036732,"alice","o9n_4gFZL",2,"e3pG6d","dwell",2317,-1,"news","oct9_news","https://foodcam20.media.mit.edu/static/entities/oct9_news/f_cloverchronicle-gates-vaccine-kill.png","12.181.97.3",12,1754,0,207,"Mozilla/5.0 (Macintosh; Intel Mac OS X 10_14_5) AppleWebKit/537.36 (KHTML, like Gecko) Chrome/103.0.0.0 Safari/537.36"
"136",1658202039144,1658202038775,1658202036732,"alice","o9n_4gFZL",2,"e3pG6d","likes",1,-1,"news","oct9_news","https://foodcam20.media.mit.edu/static/entities/oct9_news/f_cloverchronicle-gates-vaccine-kill.png","12.181.97.3",12,1754,0,207,"Mozilla/5.0 (Macintosh; Intel Mac OS X 10_14_5) AppleWebKit/537.36 (KHTML, like Gecko) Chrome/103.0.0.0 Safari/537.36"
"137",1658202045274,-1,1658202039065,"alice","o9n_6aBZL",2,"e3pG6d","dwell",567,-1,"news","oct9_news","https://foodcam20.media.mit.edu/static/entities/oct9_news/f_miller%20voted%20trump%20admins%20sexiest%20man.jpg","12.181.97.3",13,37,0,5,"Mozilla/5.0 (Macintosh; Intel Mac OS X 10_14_5) AppleWebKit/537.36 (KHTML, like Gecko) Chrome/103.0.0.0 Safari/537.36"
"138",1658202045274,-1,1658202039650,"alice","o9n_gWIAb",2,"e3pG6d","dwell",798,-1,"news","oct9_news","https://foodcam20.media.mit.edu/static/entities/oct9_news/t_SC%20justices%20skeptical%20of%20Texas%20abortion%20law.png","12.181.97.3",14,222,0,14,"Mozilla/5.0 (Macintosh; Intel Mac OS X 10_14_5) AppleWebKit/537.36 (KHTML, like Gecko) Chrome/103.0.0.0 Safari/537.36"
"139",1658202045274,-1,1658202040465,"alice","o9n_NWOVt",2,"e3pG6d","dwell",150,-1,"news","oct9_news","https://foodcam20.media.mit.edu/static/entities/oct9_news/f_flynn%20exposes%20raid%20of%20cia%20vote%20hacking%20facility%20in%20germany.jpg","12.181.97.3",15,192,0,16,"Mozilla/5.0 (Macintosh; Intel Mac OS X 10_14_5) AppleWebKit/537.36 (KHTML, like Gecko) Chrome/103.0.0.0 Safari/537.36"
"140",1658202045274,-1,1658202040733,"alice","o9n_GBLfW",2,"e3pG6d","dwell",200,-1,"news","oct9_news","https://foodcam20.media.mit.edu/static/entities/oct9_news/t_Obama%20denounces%20Trump%20GOP%20for%20hostility%20towards%20climate%20science.png","12.181.97.3",16,1994,0,155,"Mozilla/5.0 (Macintosh; Intel Mac OS X 10_14_5) AppleWebKit/537.36 (KHTML, like Gecko) Chrome/103.0.0.0 Safari/537.36"
"141",1658202045274,-1,1658202040934,"alice","o9n_RXkkg",2,"e3pG6d","dwell",419,-1,"news","oct9_news","https://foodcam20.media.mit.edu/static/entities/oct9_news/t_Germany%20named%20best%20country%20in%20the%20world.png","12.181.97.3",17,4,0,0,"Mozilla/5.0 (Macintosh; Intel Mac OS X 10_14_5) AppleWebKit/537.36 (KHTML, like Gecko) Chrome/103.0.0.0 Safari/537.36"
"142",1658202045274,-1,1658202040979,"alice","o9n_jx5Gs",2,"e3pG6d","dwell",854,-1,"news","oct9_news","https://foodcam20.media.mit.edu/static/entities/oct9_news/f_Biden%20renames%20white%20house.png","12.181.97.3",19,159,0,16,"Mozilla/5.0 (Macintosh; Intel Mac OS X 10_14_5) AppleWebKit/537.36 (KHTML, like Gecko) Chrome/103.0.0.0 Safari/537.36"
"143",1658202045274,-1,1658202040979,"alice","o9n_6kYwX",2,"e3pG6d","dwell",0,-1,"news","oct9_news","https://foodcam20.media.mit.edu/static/entities/oct9_news/f_Rupaul%20touched%20by%20Trump.png","12.181.97.3",20,571,0,33,"Mozilla/5.0 (Macintosh; Intel Mac OS X 10_14_5) AppleWebKit/537.36 (KHTML, like Gecko) Chrome/103.0.0.0 Safari/537.36"
"144",1658202045274,-1,1658202040979,"alice","o9n_yS3Z1",2,"e3pG6d","dwell",0,-1,"news","oct9_news","https://foodcam20.media.mit.edu/static/entities/oct9_news/f_biden%20lookalike%20tried%20to%20get%20free%20meals.jpg","12.181.97.3",21,18,0,1,"Mozilla/5.0 (Macintosh; Intel Mac OS X 10_14_5) AppleWebKit/537.36 (KHTML, like Gecko) Chrome/103.0.0.0 Safari/537.36"
"145",1658202045274,-1,1658202040979,"alice","o9n_9bZCj",2,"e3pG6d","dwell",0,-1,"news","oct9_news","https://foodcam20.media.mit.edu/static/entities/oct9_news/f_police%20told%20to%20investigate%20thousands%20of%20fake%20biden%20votes.jpg","12.181.97.3",22,799,0,44,"Mozilla/5.0 (Macintosh; Intel Mac OS X 10_14_5) AppleWebKit/537.36 (KHTML, like Gecko) Chrome/103.0.0.0 Safari/537.36"
"146",1658202045274,-1,1658202040979,"alice","o9n_CspIB",2,"e3pG6d","dwell",0,-1,"news","oct9_news","https://foodcam20.media.mit.edu/static/entities/oct9_news/f_Kamala%20military%20are%20cowards.png","12.181.97.3",23,34,0,6,"Mozilla/5.0 (Macintosh; Intel Mac OS X 10_14_5) AppleWebKit/537.36 (KHTML, like Gecko) Chrome/103.0.0.0 Safari/537.36"
"147",1658202045274,-1,1658202040979,"alice","o9n_oRtJ0",2,"e3pG6d","dwell",0,-1,"news","oct9_news","https://foodcam20.media.mit.edu/static/entities/oct9_news/t_Levine%20transgender%20officer.png","12.181.97.3",24,177,0,21,"Mozilla/5.0 (Macintosh; Intel Mac OS X 10_14_5) AppleWebKit/537.36 (KHTML, like Gecko) Chrome/103.0.0.0 Safari/537.36"
"148",1658202045274,-1,1658202040979,"alice","o9n_CMunG",2,"e3pG6d","dwell",0,-1,"news","oct9_news","https://foodcam20.media.mit.edu/static/entities/oct9_news/t_2020%20election%20was%20secure%20per%20Wisconsin%20audit%20results.png","12.181.97.3",25,400,0,40,"Mozilla/5.0 (Macintosh; Intel Mac OS X 10_14_5) AppleWebKit/537.36 (KHTML, like Gecko) Chrome/103.0.0.0 Safari/537.36"
"149",1658202045274,-1,1658202040979,"alice","o9n_36NXC",2,"e3pG6d","dwell",0,-1,"news","oct9_news","https://foodcam20.media.mit.edu/static/entities/oct9_news/f_president%20says%20ca%20fires%20made%20worse%20by%20windmills.jpg","12.181.97.3",26,1189,0,159,"Mozilla/5.0 (Macintosh; Intel Mac OS X 10_14_5) AppleWebKit/537.36 (KHTML, like Gecko) Chrome/103.0.0.0 Safari/537.36"
"150",1658202045274,-1,1658202040979,"alice","o9n_97j4e",2,"e3pG6d","dwell",0,-1,"news","oct9_news","https://foodcam20.media.mit.edu/static/entities/oct9_news/f_the%20definitve%20case%20proving%20trump%20won%20the%20election.jpg","12.181.97.3",27,902,0,157,"Mozilla/5.0 (Macintosh; Intel Mac OS X 10_14_5) AppleWebKit/537.36 (KHTML, like Gecko) Chrome/103.0.0.0 Safari/537.36"
"151",1658202045274,-1,1658202040979,"alice","o9n_GPvag",2,"e3pG6d","dwell",0,-1,"news","oct9_news","https://foodcam20.media.mit.edu/static/entities/oct9_news/f_21%20thousand%20dead%20people%20registered%20on%20pennsylvania%20voter%20rolls.jpg","12.181.97.3",28,64,0,6,"Mozilla/5.0 (Macintosh; Intel Mac OS X 10_14_5) AppleWebKit/537.36 (KHTML, like Gecko) Chrome/103.0.0.0 Safari/537.36"
"152",1658202045274,-1,1658202040984,"alice","o9n_mF3Mh",2,"e3pG6d","dwell",834,-1,"news","oct9_news","https://foodcam20.media.mit.edu/static/entities/oct9_news/f_mcconnell%20to%20cosponsor%20bill%20aimed%20at%20restricting%20voting%20rights%20to%20landowners.jpg","12.181.97.3",18,222,0,30,"Mozilla/5.0 (Macintosh; Intel Mac OS X 10_14_5) AppleWebKit/537.36 (KHTML, like Gecko) Chrome/103.0.0.0 Safari/537.36"
"153",1658202045274,-1,1658202041832,"alice","o9n_FHKKH",2,"e3pG6d","dwell",334,-1,"news","oct9_news","https://foodcam20.media.mit.edu/static/entities/oct9_news/f_infowars-pseudoscience-vaccines.png","12.181.97.3",29,256,0,14,"Mozilla/5.0 (Macintosh; Intel Mac OS X 10_14_5) AppleWebKit/537.36 (KHTML, like Gecko) Chrome/103.0.0.0 Safari/537.36"
"154",1658202045274,-1,1658202042066,"alice","o9n_KPnfm",2,"e3pG6d","dwell",817,-1,"news","oct9_news","https://foodcam20.media.mit.edu/static/entities/oct9_news/t_democrats%20blocking%20Biden%20agenda%20represent%20nations%20poorest.png","12.181.97.3",36,93,0,15,"Mozilla/5.0 (Macintosh; Intel Mac OS X 10_14_5) AppleWebKit/537.36 (KHTML, like Gecko) Chrome/103.0.0.0 Safari/537.36"
"155",1658202045274,-1,1658202042082,"alice","o9n_Ip0ac",2,"e3pG6d","dwell",968,-1,"news","oct9_news","https://foodcam20.media.mit.edu/static/entities/oct9_news/f_Trump%20sue%20founding%20fathers.png","12.181.97.3",37,13,0,0,"Mozilla/5.0 (Macintosh; Intel Mac OS X 10_14_5) AppleWebKit/537.36 (KHTML, like Gecko) Chrome/103.0.0.0 Safari/537.36"
"156",1658202045274,-1,1658202042118,"alice","o9n_MQc6b",2,"e3pG6d","dwell",948,-1,"news","oct9_news","https://foodcam20.media.mit.edu/static/entities/oct9_news/t_students%20mental%20health%20plan.png","12.181.97.3",38,630,0,43,"Mozilla/5.0 (Macintosh; Intel Mac OS X 10_14_5) AppleWebKit/537.36 (KHTML, like Gecko) Chrome/103.0.0.0 Safari/537.36"
"157",1658202045274,-1,1658202042267,"alice","o9n_7omln",2,"e3pG6d","dwell",173,-1,"news","oct9_news","https://foodcam20.media.mit.edu/static/entities/oct9_news/t_migrant%20caravan%20headed%20to%20US%20border.png","12.181.97.3",41,50,0,3,"Mozilla/5.0 (Macintosh; Intel Mac OS X 10_14_5) AppleWebKit/537.36 (KHTML, like Gecko) Chrome/103.0.0.0 Safari/537.36"
"158",1658202045274,-1,1658202042282,"alice","o9n_gh1Fo",2,"e3pG6d","dwell",157,-1,"news","oct9_news","https://foodcam20.media.mit.edu/static/entities/oct9_news/t_record%20southern%20border%20arrests%20in%20USA.png","12.181.97.3",42,80,0,5,"Mozilla/5.0 (Macintosh; Intel Mac OS X 10_14_5) AppleWebKit/537.36 (KHTML, like Gecko) Chrome/103.0.0.0 Safari/537.36"
"159",1658202045274,-1,1658202042438,"alice","o9n_M4xtw",2,"e3pG6d","dwell",211,-1,"news","oct9_news","https://foodcam20.media.mit.edu/static/entities/oct9_news/f_Trump%20adding%20Gambini%20to%20legal%20team.png","12.181.97.3",30,493,0,36,"Mozilla/5.0 (Macintosh; Intel Mac OS X 10_14_5) AppleWebKit/537.36 (KHTML, like Gecko) Chrome/103.0.0.0 Safari/537.36"
"160",1658202045274,-1,1658202042442,"alice","o9n_1HMn3",2,"e3pG6d","dwell",224,-1,"news","oct9_news","https://foodcam20.media.mit.edu/static/entities/oct9_news/f_ballots%20shredded%20in%20Maricopa%20county.png","12.181.97.3",31,1352,0,75,"Mozilla/5.0 (Macintosh; Intel Mac OS X 10_14_5) AppleWebKit/537.36 (KHTML, like Gecko) Chrome/103.0.0.0 Safari/537.36"
"161",1658202045274,-1,1658202042442,"alice","o9n_jXuPe",2,"e3pG6d","dwell",0,-1,"news","oct9_news","https://foodcam20.media.mit.edu/static/entities/oct9_news/t_NYC%20vaccine%20mandate.png","12.181.97.3",32,237,0,41,"Mozilla/5.0 (Macintosh; Intel Mac OS X 10_14_5) AppleWebKit/537.36 (KHTML, like Gecko) Chrome/103.0.0.0 Safari/537.36"
"162",1658202045274,-1,1658202042442,"alice","o9n_s5uWj",2,"e3pG6d","dwell",0,-1,"news","oct9_news","https://foodcam20.media.mit.edu/static/entities/oct9_news/f_Biden%20to%20hire%20servPro%20for%20white%20house%20restoration.png","12.181.97.3",33,2902,0,362,"Mozilla/5.0 (Macintosh; Intel Mac OS X 10_14_5) AppleWebKit/537.36 (KHTML, like Gecko) Chrome/103.0.0.0 Safari/537.36"
"163",1658202045274,-1,1658202042442,"alice","o9n_SuWeO",2,"e3pG6d","dwell",0,-1,"news","oct9_news","https://foodcam20.media.mit.edu/static/entities/oct9_news/f_russian%20hackers%20insert%20porn%20pages%20into%20married%20mans%20browser%20history.jpg","12.181.97.3",34,15,0,1,"Mozilla/5.0 (Macintosh; Intel Mac OS X 10_14_5) AppleWebKit/537.36 (KHTML, like Gecko) Chrome/103.0.0.0 Safari/537.36"
"164",1658202045274,-1,1658202042442,"alice","o9n_leE3X",2,"e3pG6d","dwell",0,-1,"news","oct9_news","https://foodcam20.media.mit.edu/static/entities/oct9_news/t_bill%20clinton%20unwell%20to%20attend%20colin%20powells%20funeral.png","12.181.97.3",35,1516,0,120,"Mozilla/5.0 (Macintosh; Intel Mac OS X 10_14_5) AppleWebKit/537.36 (KHTML, like Gecko) Chrome/103.0.0.0 Safari/537.36"
"165",1658202045274,-1,1658202042633,"alice","o9n_IgOEc",2,"e3pG6d","dwell",450,-1,"news","oct9_news","https://foodcam20.media.mit.edu/static/entities/oct9_news/f_Trump%20does%20not%20know%20Junior.png","12.181.97.3",39,2620,0,469,"Mozilla/5.0 (Macintosh; Intel Mac OS X 10_14_5) AppleWebKit/537.36 (KHTML, like Gecko) Chrome/103.0.0.0 Safari/537.36"
"166",1658202045274,-1,1658202042633,"alice","o9n_aKdMB",2,"e3pG6d","dwell",0,-1,"news","oct9_news","https://foodcam20.media.mit.edu/static/entities/oct9_news/t_Biden%20administration%20recognizes%20link%20between%20climate%20change%20and%20migration.png","12.181.97.3",40,64,0,3,"Mozilla/5.0 (Macintosh; Intel Mac OS X 10_14_5) AppleWebKit/537.36 (KHTML, like Gecko) Chrome/103.0.0.0 Safari/537.36"
"167",1658202045274,-1,1658202042682,"alice","o9n_gh1Fo",2,"e3pG6d","dwell",619,-1,"news","oct9_news","https://foodcam20.media.mit.edu/static/entities/oct9_news/t_record%20southern%20border%20arrests%20in%20USA.png","12.181.97.3",42,80,0,5,"Mozilla/5.0 (Macintosh; Intel Mac OS X 10_14_5) AppleWebKit/537.36 (KHTML, like Gecko) Chrome/103.0.0.0 Safari/537.36"
"168",1658202045274,-1,1658202042699,"alice","o9n_yEPnE",2,"e3pG6d","dwell",753,-1,"news","oct9_news","https://foodcam20.media.mit.edu/static/entities/oct9_news/t_centrist%20Democrats%20block%20Biden's%20agenda.png","12.181.97.3",43,102,0,18,"Mozilla/5.0 (Macintosh; Intel Mac OS X 10_14_5) AppleWebKit/537.36 (KHTML, like Gecko) Chrome/103.0.0.0 Safari/537.36"
"169",1658202045274,-1,1658202042717,"alice","o9n_jKlPh",2,"e3pG6d","dwell",766,-1,"news","oct9_news","https://foodcam20.media.mit.edu/static/entities/oct9_news/f_Biden%20Buys%20film%20right%20to%20piss%20off%20Trump.png","12.181.97.3",44,76,0,4,"Mozilla/5.0 (Macintosh; Intel Mac OS X 10_14_5) AppleWebKit/537.36 (KHTML, like Gecko) Chrome/103.0.0.0 Safari/537.36"
"170",1658202045274,-1,1658202042749,"alice","o9n_6cqH1",2,"e3pG6d","dwell",751,-1,"news","oct9_news","https://foodcam20.media.mit.edu/static/entities/oct9_news/t_court%20freezes%20bidens%20vax%20rule.png","12.181.97.3",45,344,0,20,"Mozilla/5.0 (Macintosh; Intel Mac OS X 10_14_5) AppleWebKit/537.36 (KHTML, like Gecko) Chrome/103.0.0.0 Safari/537.36"
"171",1658202045274,-1,1658202043032,"alice","o9n_ZFJy6",2,"e3pG6d","dwell",485,-1,"news","oct9_news","https://foodcam20.media.mit.edu/static/entities/oct9_news/f_trump%20proposes%20one%20child%20law%20for%20hispanics.jpg","12.181.97.3",46,282,0,18,"Mozilla/5.0 (Macintosh; Intel Mac OS X 10_14_5) AppleWebKit/537.36 (KHTML, like Gecko) Chrome/103.0.0.0 Safari/537.36"
"172",1658202045274,-1,1658202043066,"alice","o9n_u7J75",2,"e3pG6d","dwell",467,-1,"news","oct9_news","https://foodcam20.media.mit.edu/static/entities/oct9_news/t_service%20members%20refuse%20covid%20shot.png","12.181.97.3",47,540,0,31,"Mozilla/5.0 (Macintosh; Intel Mac OS X 10_14_5) AppleWebKit/537.36 (KHTML, like Gecko) Chrome/103.0.0.0 Safari/537.36"
"173",1658202045274,-1,1658202043084,"alice","o9n_LofXh",2,"e3pG6d","dwell",484,-1,"news","oct9_news","https://foodcam20.media.mit.edu/static/entities/oct9_news/t_US%20to%20use%20Pak%20airspace%20for%20military%20operations.png","12.181.97.3",48,67,0,7,"Mozilla/5.0 (Macintosh; Intel Mac OS X 10_14_5) AppleWebKit/537.36 (KHTML, like Gecko) Chrome/103.0.0.0 Safari/537.36"
"174",1658202045274,-1,1658202043099,"alice","o9n_HXsUx",2,"e3pG6d","dwell",1688,-1,"news","oct9_news","https://foodcam20.media.mit.edu/static/entities/oct9_news/t_pope%20called%20biden%20a%20good%20catholic.png","12.181.97.3",49,33,0,2,"Mozilla/5.0 (Macintosh; Intel Mac OS X 10_14_5) AppleWebKit/537.36 (KHTML, like Gecko) Chrome/103.0.0.0 Safari/537.36"
"175",1658202045274,-1,1658202043661,"alice","o9n_6cqH1",2,"e3pG6d","dwell",241,-1,"news","oct9_news","https://foodcam20.media.mit.edu/static/entities/oct9_news/t_court%20freezes%20bidens%20vax%20rule.png","12.181.97.3",45,344,0,20,"Mozilla/5.0 (Macintosh; Intel Mac OS X 10_14_5) AppleWebKit/537.36 (KHTML, like Gecko) Chrome/103.0.0.0 Safari/537.36"
"176",1658202045274,-1,1658202043663,"alice","o9n_ZFJy6",2,"e3pG6d","dwell",309,-1,"news","oct9_news","https://foodcam20.media.mit.edu/static/entities/oct9_news/f_trump%20proposes%20one%20child%20law%20for%20hispanics.jpg","12.181.97.3",46,282,0,18,"Mozilla/5.0 (Macintosh; Intel Mac OS X 10_14_5) AppleWebKit/537.36 (KHTML, like Gecko) Chrome/103.0.0.0 Safari/537.36"
